Isaiah 44:6,Keach: Q1
Psalm 8:1,Keach: Q1
Psalm 97:9,Keach: Q1
1 Cor. 10:31,Keach: Q2
Psalm 73:25-26,Keach: Q2
Rom. 1:18-20,Keach: Q3
Psalm 19:1-2,Keach: Q3
2 Tim. 3:15,Keach: Q3
1 Cor. 1:21-24,Keach: Q3
1 Cor. 2:9-10,Keach: Q3
2 Peter 1:21,Keach: Q4
2 Timothy 3:16-17,Keach: Q4
Isaiah 8:20,Keach: Q4
John 5:39,Keach: Q6
Luke 16:29,Keach: Q6
Acts 8:28-30,Keach: Q6
Acts 17:11,Keach: Q6
2 Tim. 3:16-17,Keach: Q7
John 20:31,Keach: Q7
Acts 24:14,Keach: Q7
1 Cor. 10:11,Keach: Q7
Eccles. 12:13,Keach: Q7
Deut. 6:4,Keach: Q9
Jeremiah 10:10,Keach: Q9
1 Cor. 8:6,Keach: Q10
John 10:30,Keach: Q10
John 14:9,Keach: Q10
Acts 5:3-4,Keach: Q10
Matt. 28:19,Keach: Q10
2 Cor. 13:14,Keach: Q10
Eph. 1:11,Keach: Q11
Rom. 11:36,Keach: Q11
Dan. 4:35,Keach: Q11
Gen. 1:1,Keach: Q12
Rev. 4:11,Keach: Q12
Matt. 6:26,Keach: Q12
Acts 14:17,Keach: Q12
Gen. 1:1,Keach: Q13
Heb. 11:3,Keach: Q13
Ex. 20:11,Keach: Q13
Gen. 1:31,Keach: Q13
Gen. 1:27,Keach: Q14
Col. 3:10,Keach: Q14
Eph. 4:24,Keach: Q14
Gen. 1:28,Keach: Q14
Neh. 9:6,Keach: Q15
Col. 1:17,Keach: Q15
Heb. 1:3,Keach: Q15
Ps. 103:19,Keach: Q15
Matt. 10:29-30,Keach: Q15
Gen. 2:16-17,Keach: Q16
Gal. 3:12,Keach: Q16
Rom. 5:12,Keach: Q16
Gen. 3:6,Keach: Q17
Eccles. 7:29,Keach: Q17
Rom. 5:12,Keach: Q17
1 John 3:4,Keach: Q18
Rom. 5:13,Keach: Q18
Gen. 3:6, 12, 13,Keach: Q19
1 Cor. 15:21-22,Keach: Q20
Rom. 5:12, 18-19,Keach: Q20
Ps. 51:5,Keach: Q21
Rom. 5:18-19,Keach: Q21
Is. 64:6,Keach: Q21
Rom. 5:19,Keach: Q22
Rom. 3:10,Keach: Q22
Eph. 2:1,Keach: Q22
Is. 53:6,Keach: Q22
Ps. 51:5,Keach: Q22
Matt. 15:19,Keach: Q22
Gen. 3:8,24,Keach: Q23
Eph. 2:3,Keach: Q23
Gal. 3:10,Keach: Q23
Rom. 6:23,Keach: Q23
Matt. 25:41-46,Keach: Q23
Ps. 9:1,Keach: Q23
Eph. 1:3-4,Keach: Q24
2 Thess. 2:13,Keach: Q24
Rom. 5:21,Keach: Q24
Acts 13:8,Keach: Q24
Jer. 31:33,Keach: Q24
Gal. 3:13,Keach: Q25
1 Tim. 2:5,Keach: Q25
John 1:14,Keach: Q25
1 Tim. 3:16,Keach: Q25
Rom. 9:5,Keach: Q25
Col. 2:9,Keach: Q25
Heb. 2:14,Keach: Q26
Matt. 26:38,Keach: Q26
Luke 2:52,Keach: Q26
John 12:27,Keach: Q26
Luke 1:31-35,Keach: Q26
Heb. 4:15,Keach: Q26
Heb. 7:26,Keach: Q26
Acts 3:22,Keach: Q27
Heb. 5:6,Keach: Q27
Ps. 2:6,Keach: Q27
John 1:18,Keach: Q28
John 14:26,Keach: Q28
John 15:15,Keach: Q28
1 Peter 2:24,Keach: Q29
Heb. 9:28,Keach: Q29
Eph. 5:2,Keach: Q29
Heb. 2:17,Keach: Q29
Heb. 7:25,Keach: Q29
Rom. 8:34,Keach: Q29
Ps. 110:3,Keach: Q30
Matt. 2:6,Keach: Q30
1 Cor. 15:25,Keach: Q30
1 Cor. 15:4,Keach: Q32
Acts 1:11,Keach: Q32
Mark 16:19,Keach: Q32
Acts 17:31,Keach: Q32
John 3:5-6,Keach: Q33
Titus 3:5-6,Keach: Q33
Eph. 2:8,Keach: Q34
Eph. 3:17,Keach: Q34
2 Tim. 1:9,Keach: Q35
John 16:8-11,Keach: Q35
Acts 2:37,Keach: Q35
Acts 26:18,Keach: Q35
Ezekiel 36:26,Keach: Q35
John 6:44-45,Keach: Q35
1 Cor. 12:3,Keach: Q35
Rom. 8:30,Keach: Q36
Gal. 3:26,Keach: Q36
1 Cor. 6:11,Keach: Q36
Rom. 8:31-32,Keach: Q36
Eph. 1:5,Keach: Q36
1 Cor. 1:30,Keach: Q36
Rom. 3:24,Keach: Q37
Eph. 1:7,Keach: Q37
2 Cor. 5:21,Keach: Q37
Rom. 5:19,Keach: Q37
Phil. 3:9,Keach: Q37
Gal. 2:16,Keach: Q37
1 John 3:1,Keach: Q38
John 1:12,Keach: Q38
Rom. 8:16-17,Keach: Q38
2 Thess. 2:13,Keach: Q39
Eph. 4:23-24,Keach: Q39
Rom. 6:11,Keach: Q39
Rom. 5:1-5,Keach: Q40
Rom. 14:17,Keach: Q40
Prov. 4:18,Keach: Q40
1 Peter 1:5,Keach: Q40
1 John 5:13,Keach: Q40
Heb. 12:23,Keach: Q41
Phil. 1:23,Keach: Q41
2 Cor. 5:8,Keach: Q41
Luke 23:43,Keach: Q41
1 Thess 4:14,Keach: Q41
Is. 57:2,Keach: Q41
Job 19:26,Keach: Q41
Phil. 3:20-21,Keach: Q42
1 Cor. 15:42-43,Keach: Q42
Matt. 10:32,Keach: Q42
1 John 3:2,Keach: Q42
1 Thess. 4:17,Keach: Q42
Luke 16:22-24,Keach: Q43
Ps. 49:14,Keach: Q43
Dan. 12:2,Keach: Q44
John 5:28-29,Keach: Q44
2 Thess. 1:9,Keach: Q44
Matt. 25:41,Keach: Q44
Micah 6:8,Keach: Q45
Eccles. 12:13,Keach: Q45
Ps. 119:4,Keach: Q45
Luke 10:26-28,Keach: Q45
Rom. 2:14-15,Keach: Q46
Rom. 5:13-14,Keach: Q46
Deut. 10:4,Keach: Q47
Matt. 19:17,Keach: Q47
Matt. 22:36-40,Keach: Q48
Mark 12:28-33,Keach: Q48
Exodus 20:2,Keach: Q49
Deut 11:1,Keach: Q50
Exodus 20:3,Keach: Q51
Joshua 24:15,Keach: Q52
1 Chron. 28:9,Keach: Q52
Deut. 26:17,Keach: Q52
Ps. 29:2,Keach: Q52
Matt. 4:10,Keach: Q52
Joshua 24:27,Keach: Q53
Rom. 1:20-21,Keach: Q53
Ps. 14:1,Keach: Q53
Rom. 1:25,Keach: Q53
Deut.30:17-18,Keach: Q54
Ps. 44:20-21,Keach: Q54
Ps. 90:8,Keach: Q54
Exodus 20:4-6,Keach: Q55
Deut. 32:46,Keach: Q56
Matt. 28:20,Keach: Q56
Deut. 12:32,Keach: Q56
Rom. 1:22-23,Keach: Q57
Deut. 4:15-16,Keach: Q57
Matt. 15:9,Keach: Q57
Col. 2:18,Keach: Q57
Ps. 45:11,Keach: Q58
Ex. 34:14,Keach: Q58
1 Cor. 10:22,Keach: Q58
Exodus 20:7,Keach: Q59
Malachi 1:6-7,Keach: Q61
Lev. 20:3,Keach: Q61
Lev. 19:12,Keach: Q61
Matt. 5:34-37,Keach: Q61
Isa. 52:5,Keach: Q61
Deut. 28:58-59,Keach: Q62
Malachi 2:2,Keach: Q62
Exodus 20:8-11,Keach: Q63
Lev. 19:30,Keach: Q64
Deut. 5:12,Keach: Q64
Gen. 2:3,Keach: Q65
John 20:19,Keach: Q65
Acts 20:7,Keach: Q65
1 Cor. 16:1-2,Keach: Q65
Rev. 1:10,Keach: Q65
Lev. 23:3,Keach: Q66
Isa. 58:13-14,Keach: Q66
Isa. 66:23,Keach: Q66
Matt. 12:11-12,Keach: Q66
Ezekiel 22:26,Keach: Q67
Ezekiel 23:38,Keach: Q67
Jer. 17:21,Keach: Q67
Neh. 13:15-17,Keach: Q67
Acts 20:7,Keach: Q67
Exodus 34:21,Keach: Q68
Exodus 31:16-17,Keach: Q68
Gen. 2:2-3,Keach: Q68
Exodus 20:12,Keach: Q69
Prov. 30:17,Keach: Q71
Rom. 13:7-8,Keach: Q71
Eph. 6:2-3,Keach: Q72
Prov. 4:3-6,Keach: Q72
Prov. 6:20-22,Keach: Q72
Exodus 20:13,Keach: Q73
Eph. 5:29-30,Keach: Q74
Ps. 82:3-4,Keach: Q74
Prov. 24:11-12,Keach: Q74
Act 16:28,Keach: Q74
Gen. 4:10-11,Keach: Q75
Gen. 9:6,Keach: Q75
Matt. 5:21-26,Keach: Q75
Exodus 20:14,Keach: Q76
1 Cor. 6:18,Keach: Q77
1 Cor. 7:2,Keach: Q77
2 Tim. 2:22,Keach: Q77
Matt. 5:28,Keach: Q77
1 Peter 3:2,Keach: Q77
Matt. 5:28-32,Keach: Q78
Job 31:1,Keach: Q78
Eph. 5:3-4,Keach: Q78
Rom. 13:13,Keach: Q78
Col. 4:6,Keach: Q78
Exodus 20:15,Keach: Q79
Prov. 27:23,Keach: Q80
Lev. 25:35,Keach: Q80
Deut. 15:10,Keach: Q80
Deut. 22:14,Keach: Q80
1 Tim. 5:8,Keach: Q81
Prov. 28:19,Keach: Q81
Prov. 23:20-21,Keach: Q81
Eph. 4:28,Keach: Q81
Exodus 20:16,Keach: Q82
Zech. 8:16,Keach: Q83
Acts 25:10,Keach: Q83
Eccles. 7:1,Keach: Q83
3 John 12,Keach: Q83
Prov. 14:5, 25,Keach: Q83
Eph. 4:25,Keach: Q84
Ps. 15:3,Keach: Q84
2 Cor. 8:20-21,Keach: Q84
Exodus 20:17,Keach: Q85
Heb. 13:5,Keach: Q86
1 Tim. 6:6,Keach: Q86
Rom. 12:15,Keach: Q86
1 Cor. 13:4-7,Keach: Q86
Lev. 19:18,Keach: Q86
1 Cor. 10:10,Keach: Q87
James 5:9,Keach: Q87
Gal. 5:26,Keach: Q87
Col. 3:5,Keach: Q87
Eccles. 7:20,Keach: Q88
Gen. 6:5,Keach: Q88
Gen. 8:21,Keach: Q88
1 John 1:8,Keach: Q88
James 3:8,Keach: Q88
James 3:2,Keach: Q88
Rom. 3:23,Keach: Q88
Ps. 19:7-11,Keach: Q89
Rom. 3:20-31,Keach: Q89
Rom. 7:7,Keach: Q89
Rom. 12:2,Keach: Q89
Titus 2:12-14,Keach: Q89
Gal. 3:22-24,Keach: Q89
1 Tim. 1:8,Keach: Q89
Ezekiel 8:13,Keach: Q90
John 19:11,Keach: Q90
1 John 5:16,Keach: Q90
Eph.5:6,Keach: Q91
Gal. 3:10,Keach: Q91
Prov. 3:33,Keach: Q91
Ps. 11:6,Keach: Q91
Rev. 21:8,Keach: Q91
Acts 20:21,Keach: Q92
Acts 16:30-31,Keach: Q92
Acts 17:30,Keach: Q92
Heb. 10:39,Keach: Q93
John 1:12,Keach: Q93
Phil. 3-9,Keach: Q93
Gal. 2:15-16,Keach: Q93
Acts 2:37,Keach: Q94
Joel 2:13,Keach: Q94
Jer. 31:18-19,Keach: Q94
2 Cor. 7:10-11,Keach: Q94
Rom. 6:18,Keach: Q94
Rom. 10:17,Keach: Q95
James 1:18,Keach: Q95
1 Cor. 3:5,Keach: Q95
Acts 14:1,Keach: Q95
Acts 2:41-42,Keach: Q95
Ps. 119:11-18,Keach: Q96
1 Thess. 1:6,Keach: Q96
1 Peter 2:1-2,Keach: Q96
Rom. 1:16,Keach: Q96
Ps. 19:7,Keach: Q96
Matt. 28:19,Keach: Q99
Acts 22:16,Keach: Q99
Matt. 26:26-28,Keach: Q99
Rom. 6:4,Keach: Q99
Matt. 28:19,Keach: Q100
Rom. 6:3-5,Keach: Q100
Col. 2:12,Keach: Q100
Gal. 3:27,Keach: Q100
Acts 2:38,Keach: Q101
Matt. 3:6,Keach: Q101
Mark 16:16,Keach: Q101
Acts 8:12-36,Keach: Q101
Acts 10:47-48,Keach: Q101
Matt. 3:16,Keach: Q103
John 3:23,Keach: Q103
Acts 8:38-39,Keach: Q103
Acts 2:46-47,Keach: Q104
Acts 9:26,Keach: Q104
1 Peter 2:5,Keach: Q104
Heb. 10:25,Keach: Q104
Rom. 16:5,Keach: Q104
Acts 2:42,Keach: Q105
Acts 20:7,Keach: Q105
Acts 7:38,Keach: Q105
Eph. 4:11-12,Keach: Q105
Eph. 1:10,Keach: Q106
Eph. 1:22-23,Keach: Q106
John 10:16,Keach: Q106
John 11:52,Keach: Q106
1 Cor. 11:23-26,Keach: Q107
1 Cor. 10:16,Keach: Q107
1 Cor. 11:27-31,Keach: Q108
1 Cor. 5:8,Keach: Q108
2 Cor. 13:5,Keach: Q108
1 John 5:14,Keach: Q109
1 John 1:9,Keach: Q109
Phil. 4:6,Keach: Q109
Ps. 10:17,Keach: Q109
Ps. 145:19,Keach: Q109
John 14:13-14,Keach: Q109
Matt. 6:9-13,Keach: Q110
2 Tim. 3:16-17,Keach: Q110
Matt. 6:9,Keach: Q111
Luke 11:13,Keach: Q111
Rom. 8:15,Keach: Q111
Acts 12:5,Keach: Q111
1 Tim. 2:1-3,Keach: Q111
Matt. 6:9,Keach: Q112
Ps. 67:1-3,Keach: Q112
Rom. 11:36,Keach: Q112
Rev. 4:11,Keach: Q112
Matt. 6:10,Keach: Q113
Ps. 68:1-18,Keach: Q113
Rom. 10:1,Keach: Q113
2 Thess. 3:1,Keach: Q113
Matt. 9:37-38,Keach: Q113
Rev. 22:20,Keach: Q113
Matt. 6:10,Keach: Q114
Ps. 103:20-21,Keach: Q114
Ps. 25:4-5,Keach: Q114
Ps. 119:26,Keach: Q114
Matt. 6:11,Keach: Q115
Prov. 30:8-9,Keach: Q115
1 Tim. 6:6-8,Keach: Q115
1 Tim. 4:4,5,Keach: Q115
Matt. 6:12,Keach: Q116
Ps. 51:1-3, 7,Keach: Q116
Mark 11:25,Keach: Q116
Matt. 18:35,Keach: Q116
Matt. 6:13,Keach: Q117
Matt. 26:41,Keach: Q117
Ps. 19:13,Keach: Q117
1 Cor. 10:13,Keach: Q117
John 17:15,Keach: Q117
Matt. 6:13,Keach: Q118
Dan. 9:18-19,Keach: Q118
1 Chron. 29:11-13,Keach: Q118
1 Cor. 14:16,Keach: Q118
Phil. 4:6,Keach: Q118
Rev. 22:20,Keach: Q118
